Филиал,Рф
Кост. Обл Костанай Чехова 105А/1,Артур
С-В Обл Петропавловск Нурсултана Назарбаева 284,Артур
Пав. Обл Павлодар Естая 150,Артур
С-В Обл Петропавловск Ауэзова 147,Артур
Кост. Обл Лисаковск 4-й мкр 25,Артур
Пав. Обл Павлодар Сураганова 22,Артур
Кост. Обл Костанай Победы 104,Артур
Пав. Обл Павлодар Кабдеша Нуркина 72,Артур
Пав. Обл Экибастуз Ауэзова 77,Артур
Пав. Обл Павлодар Катаева 95,Артур
Кар. Обл Караганда пр-кт Шахтёров 31/4,Диана
Кар. Обл Караганда Ермекова 54/1,Диана
Кар. Обл Караганда Абая 43,Диана
Кар. Обл Караганда Крылова 50,Диана
Караганда Гоголя 51,Диана
Акт. Обл Актобе Шернияза Жарылгас-улы 51,Катя
Акт. Обл Хромтау Мухтара Ауезова 3,Катя
Актюбинская область Актобе Братьев Жубановых 298,Катя
Актюбинская область Актобе Есет Батыра 158,Катя
Актюбинская область Актобе Шокана Уалиханова 35Б,Катя
Актюбинская область Хромтау Тахауи Ахтанова 102Б,Катя
В-К Обл Усть-Каменогорск наб Славского 30,Кунтуар
В-К Обл Усть-Каменогорск пр-кт Ауэзова 24,Кунтуар
В-К Обл Усть-Каменогорск Утепова 7,Кунтуар
В-К Обл Усть-Каменогорск Жастар 31,Кунтуар
В-К Обл Усть-Каменогорск Калихана Ыскака 4,Кунтуар
В-К Обл Усть-Каменогорск пр-кт Казыбек би 42,Кунтуар
В-К Обл Усть-Каменогорск Антона Чехова 71,Кунтуар
В-К Обл Усть-Каменогорск Карбышева 40,Кунтуар
В-К Обл Усть-Каменогорск Островского 4,Кунтуар
В-К Обл Усть-Каменогорск Крылова 80,Назерке
В-К Обл Усть-Каменогорск Крылова 66,Назерке
область Абай Семей Беспаева 28,Назерке
В-К Обл Семей Мамай батыра 99,Назерке
В-К Обл Риддер пр-кт Независимости 18,Назерке
В-К Обл Алтай Жаксыбаева 47,Назерке
В-К Обл Алтай Тауелсыздык 17,Назерке
В-К Обл Шемонаиха Момышулы 21,Назерке
В-К Обл Семей Байтурсынова 4,Назерке
В-К Обл Усть-Каменогорск Казахстан 85,Назерке
В-К Обл пос Усть-Таловка Василия Шаламова 1,Назерке
Ман. Обл Жанаозен мкр Самал 28,Наталья
